"Samp"	"QualityIndex"	"AHT121_1"	"AHT121_2"	"AHT137_1"	"AHT137_2"	"AHTh171_1"	"AHTh171_2"	"AHTh260_1"	"AHTh260_2"	"AHTk211_1"	"AHTk211_2"	"AHTk253_1"	"AHTk253_2"	"C09_250_1"	"C09_250_2"	"C20_253_1"	"C20_253_2"	"CPH12_1"	"CPH12_2"	"CPH2_1"	"CPH2_2"	"CPH22_1"	"CPH22_2"	"CPH4_1"	"CPH4_2"	"CPH5_1"	"CPH5_2"	"CPH6_1"	"CPH6_2"	"CPH7_1"	"CPH7_2"	"CPH8_1"	"CPH8_2"	"CPH9_1"	"CPH9_2"	"Cxx_103_1"	"Cxx_103_2"	"Cxx_121_1"	"Cxx_121_2"	"Cxx_123_1"	"Cxx_123_2"	"Cxx20_1"	"Cxx20_2"	"CXX279_1"	"CXX279_2"	"FH2004_1"	"FH2004_2"	"FH2010_1"	"FH2010_2"	"FH2054_1"	"FH2054_2"	"FH2079_1"	"FH2079_2"	"FH2088_1"	"FH2088_2"	"FH2096_1"	"FH2096_2"	"FH2137_1"	"FH2137_2"	"FH2145_1"	"FH2145_2"	"FH2848_1"	"FH2848_2"	"INRA21_1"	"INRA21_2"	"INU005_1"	"INU005_2"	"INU030_1"	"INU030_2"	"INU055_1"	"INU055_2"	"REN162C04_1"	"REN162C04_2"	"REN169D01_1"	"REN169D01_2"	"REN169O18_1"	"REN169O18_2"	"REN247M23_1"	"REN247M23_2"	"REN54P11_1"	"REN54P11_2"	"VWF_1"	"VWF_2"
"001y"	1	82	82	134	134	218	230	238	244	89	89	284	284	135	137	100	104	197	205	94	104	110	116	144	150	110	110	132	132	165	171	208	208	144	164	78	78	81	81	139	143	132	132	118	128	175	175	228	232	158	158	262	262	122	126	102	102	171	175	282	282	230	232	98	98	124	124	143	143	200	200	196	196	198	204	164	164	267	277	239	239	172	172
"035y"	1	82	102	142	148	218	230	236	244	85	89	280	284	131	139	102	108	205	205	104	110	112	116	144	146	114	114	132	132	165	171	214	214	144	164	78	78	81	101	143	143	132	132	118	128	175	175	232	232	146	158	258	258	94	126	102	102	167	175	282	282	230	236	98	98	112	124	143	145	198	202	190	202	204	214	158	166	271	277	237	239	166	172
"050y"	0,98	82	106	134	148			231	231	89	89	284	284	135	137	102	102	205	205	94	104	110	110	150	150	110	110	132	132	165	171	208	214	144	164	72	78	81	105	139	143	132	132	128	128	175	175	228	232	158	162	262	262	122	126	102	102	175	175	282	282	232	234	98	98	124	124	139	143	198	200	202	202	198	204	164	164	267	271	235	239	172	172
"051y"	1	82	102	134	134	224	230	243	243	89	89	280	290	133	139	102	108	205	205	104	110	112	116	144	150	114	114	123	132	165	171	214	214	144	164	78	78	81	101	143	151	132	132	118	128	171	175	228	232	146	158	258	258	94	126	102	102	167	175	282	282	236	236	98	98	112	124	145	147	198	202	196	196	204	204	164	164	277	279	237	239	166	178
"052y"	0,98	106	106	132	142	218	218	236	248	85	91	280	284	133	133	104	104	195	205	94	96	110	112	144	150	124	124	132	132	165	171	208	208	144	144	82	82	105	105	141	147	130	132	122	128	115	147	228	232	150	158	258	262	118	122	102	102	161	175	282	282	232	234	92	96	124	124	145	145	198	202	196	202	204	214	164	164	267	273	233	237	166	172
"053y"	0,92	82	82	134	148			231	231	89	89	284	284	135	135	102	104	197	205	94	96	110	110	150	150	110	110	132	132	165	171	214	214	144	164	72	78	81	81	139	143	132	132	128	128	175	175	228	232	158	158	258	262	126	126	102	102	175	175	282	282	230	232	98	98	124	124	139	143	198	202	196	202	198	214	164	164	267	267	239	239	166	166
"057y"	1	82	102	134	142	218	224	236	243	85	89	280	284	137	139	108	108	197	205	94	110	110	112	146	150	114	124	132	132	165	169	200	214	144	164	78	78	81	101	143	151	130	132	118	128	151	175	216	232	146	170	258	258	94	118	102	102	175	183	282	282	232	236	98	98	112	124	145	147	198	200	190	196	198	204	164	166	277	279	237	239	172	178
"062y"	1	106	106	134	142	218	218	243	248	89	89	280	290	133	139	104	108	195	205	94	94	110	116	144	150	110	124	123	132	165	165	200	208	144	164	72	78	105	105	143	145	130	132	118	134	147	151	228	228	146	158	258	258	126	126	102	102	167	173	282	282	232	236	92	98	124	124	143	145	200	200	202	202	198	204	164	166	271	279	233	237	166	172
"070y"	0,96	82	82	134	148			238	244	89	89	284	290	135	135	100	104	197	197	96	104	116	116	144	144	110	110	123	132	171	171	208	214	144	164	78	78	81	81	139	139	132	132	128	128	175	175	232	232	158	158	258	262	126	126	102	102	171	183	282	282	232	232	92	98	124	124	139	143	202	202	196	202	204	208	164	164	277	277	233	239	166	166
"125y"	0,99	82	106	134	146	218	218	242	243	85	89	284	290	133	139	102	108	195	205	94	94	110	116	144	150	114	124	123	132	165	171	208	208	144	164	72	78	81	105	143	145	130	132	118	122	147	151	228	228	158	162	258	258	122	126	102	102	167	173	282	282	232	236	92	98	124	124	139	145	200	202	202	204	198	214	156	164	271	279	237	237	166	172
"206y"	0,96	82	102	134	146			236	244	89	89	284	290	131	133	94	102	197	205	100	110	110	116	150	150	114	124	123	132	169	169	214	214	144	164	78	82	81	101	131	151	132	132	118	118	175	175	216	232	158	158	258	258	94	126	102	102	175	175	282	282	232	236	98	98	112	112	143	145	198	208	202	202	198	214	156	164	271	279	237	239	172	172
"263y"	0,98	106	106	132	146			231	238	89	91	280	280	137	137	102	104	195	197	102	110	110	110	144	150	110	124	132	132	171	171	214	214	144	144	78	82	105	105	139	143	128	132	122	128	111	175	228	232	158	158	258	258	118	118	98	102	163	179	282	282	234	234	92	98	124	124	143	149	198	198	196	202	200	214	164	164	273	277	233	235	172	178
"309y"	0,96	102	106	142	146			248	248	85	89	284	290	133	135	104	104	195	205	94	96	110	110	144	144	110	114	123	132	165	169	208	208	164	164	72	78	101	105	141	145	120	132	128	134	115	175	216	228	146	162	258	262	118	126	102	102	163	173	282	282	230	232	92	96	124	124	145	145	198	198	202	202	204	214	164	164	273	279	237	237	166	172
"310y"	0,97	102	106	146	148	230	230	236	242	85	89	280	290	135	137	100	104	195	205	94	96	110	110	144	144	110	124	123	132	165	171	208	208	144	144	66	78	101	105	145	145	120	132	122	134	115	175	228	232	162	162	258	258	118	126	102	102	163	173	282	283	232	236	92	98	120	124	145	145	198	200	202	202	198	204	164	164	273	279	237	237	166	172
"311y"	0,98	82	106	134	148	218	224	236	243	85	85	284	284	133	133	102	104	197	205	94	96	112	116	144	144	110	124	132	132	165	171	208	208	162	164	78	78	81	105	141	143	132	132	122	128	115	175	216	216	146	158	258	258	118	126	102	102	163	183	282	282	232	236	96	98	112	124	143	145	200	202	196	202	204	214	162	164	273	277	233	237	172	172
"343y"	0,98	82	82	134	148			243	243	85	89	280	284	133	139	102	108	195	197	94	104	112	116	144	150	110	124	132	132	169	171	200	208	164	164	78	78	81	81	143	143	132	132	128	128	175	175	216	228	158	170	258	258	118	126	102	102	175	183	282	282	236	236	98	98	112	124	143	145	198	202	196	196	204	214	158	164	277	277	233	237	166	172
"390y"	0,98	82	82	134	134			243	243	85	85	280	290	133	139	108	108	195	197	94	104	110	112	144	150	112	124	123	132	165	171	208	214	142	164	78	78	81	81	143	143	130	132	118	128	151	175	228	228	158	158	258	258	126	126	102	102	175	175	282	282	236	236	98	98	112	124	143	145	198	202	196	202	204	214	164	164	277	279	233	237	172	172
"399y"	0,98	102	106	146	148			236	248	85	91	280	284	133	137	100	104	195	205	94	96	110	112	144	150	110	124	132	132	165	171	208	208	144	164	78	78	101	105	141	145	120	132	122	128	115	175	228	232	158	162	258	262	118	118	102	102	163	171	282	282	232	232	96	98	124	124	145	145	198	198	202	202	198	214	164	164	273	279	237	237	166	172
"400y"	0,98	106	106	142	146			236	248	85	89	280	284	133	133	102	104	195	205	94	96	110	110	150	150	110	114	132	132	169	171	200	208	144	164	66	78	105	105	145	145	120	132	122	122	115	147	228	232	158	162	258	258	118	126	102	102	163	173	282	282	232	236	92	96	120	124	145	145	198	200	202	202	204	214	156	164	271	279	237	237	166	172
"414y"	0,92	102	106	134	148			238	242	89	91	280	280	133	135	104	108	197	205	96	104	110	110	144	150	110	124	132	132	165	165	208	214	144	164	78	78	101	105	131	145	130	130	124	128	115	115	228	228	150	158	258	258	118	118	98	102	163	169	282	287	232	234	92	98	120	124	143	143	198	200	202	202	198	204	164	164	267	281	237	237	166	166
"431y"	0,96	106	106	142	146			236	242	89	91	284	284	135	137	100	104	195	195	94	96	110	112	144	150	110	124	132	132	165	165	200	208	144	164	72	78	105	105	141	145	120	132	122	134	147	175	216	232	158	162	258	258	118	126	102	102	163	173	282	283	232	236	92	98	124	124	145	145	198	198	202	202	204	214	164	164	279	279	237	237	166	166
"437y"	0,98	82	106	132	148			236	243	85	89	280	290	131	133	94	102	205	205	94	104	112	116	144	144	110	110	123	132	171	171	208	208	144	164	66	78	81	105	139	145	132	132	118	118	171	175	228	228	146	158	258	262	118	126	102	102	163	183	282	282	230	230	96	98	124	124	143	143	202	202	202	202	204	204	156	158	273	277	233	239	166	172
"438y"	0,94	100	106	132	146			244	248	85	91	280	284	133	137	94	108	195	205	94	96	110	112	149	150	124	124	132	132	165	165	208	208	144	162	72	80	99	105	141	143	132	132	122	122	115	175	232	232	146	158	262	262	118	122	102	102	175	183	282	287	230	232	96	98	124	124	145	145	200	202	202	202	198	204	162	164	267	281	237	239	166	166
"439y"	0,98	102	106	142	146			242	248	89	91	284	284	135	137	104	104	195	205	94	94	110	110	150	150	114	124	132	132	169	171	208	208	144	144	72	78	101	105	141	145	132	132	122	122	175	175	216	228	158	162	258	262	118	126	102	102	163	169	282	282	230	232	92	96	120	124	145	145	198	198	202	202	198	214	156	164	271	279	237	237	172	172
"528y"	0,98	100	106	132	132			248	248	85	85	280	284	133	137	104	104	195	205	96	96	110	110	149	150	110	110	132	132	165	165	208	208	162	162	80	82	99	105	141	143	132	132	122	128	115	175	232	232	158	158	262	262	118	122	102	102	163	163	282	282	230	234	92	98	124	124	143	145	202	202	202	202	204	204	162	162	267	281	237	237	166	166
"530y"	0,98	82	102	142	146			248	248	89	89	284	290	137	137	94	94	195	205	94	96	112	116	144	144	110	114	123	132	165	165	208	212	164	164	78	80	81	101	143	145	130	130	118	122	175	175	228	232	146	146	258	258	118	126	102	102	167	183	282	282	230	236	96	98	124	124	145	145	198	198	196	196	198	214	162	164	271	273	237	239	166	172
"532y"	0,98	100	106	132	146			244	248	85	91	280	284	133	137	94	104	195	195	94	96	110	110	149	150	110	124	132	132	165	171	208	208	144	162	66	80	99	105	141	145	120	132	122	128	115	175	216	232	146	158	258	262	118	126	102	102	163	183	282	287	230	232	96	98	124	124	143	145	200	202	202	202	198	204	162	164	279	281	237	239	166	166
"534y"	0,98	102	106	132	148			236	242	89	91	280	280	133	135	104	104	197	205	96	100	110	110	144	150	110	112	132	132	165	171	208	214	144	164	78	78	101	105	131	143	130	130	124	128	115	115	228	228	150	158	258	262	118	118	98	102	169	183	282	287	232	234	98	98	112	120	143	143	198	200	202	202	198	204	164	164	267	281	237	237	166	172
"537y"	0,98	82	82	134	134			243	243	85	89	284	290	133	139	108	108	195	195	94	94	110	116	150	150	110	112	123	132	165	171	208	214	164	164	78	80	81	81	131	143	132	132	118	128	151	175	216	216	158	158	258	258	118	126	102	102	175	183	282	282	236	236	96	98	112	124	143	145	198	202	196	202	204	214	158	164	271	277	233	237	172	172
"538y"	0,98	82	82	146	148			236	243	89	89	280	280	133	133	94	102	205	205	96	104	112	116	144	150	110	114	132	132	171	171	208	208	162	164	78	80	81	99	143	145	132	132	122	128	171	175	228	228	146	158	258	262	118	126	102	102	167	183	282	282	230	236	96	98	124	124	145	147	202	202	202	202	204	214	158	162	277	279	233	239	166	166
"54E"	0,98	102	102	132	134			243	243	89	89	280	286	135	139	94	108	197	197	94	100	112	112	144	150	110	124	130	132	165	165	214	214	144	164	78	78	101	101	145	147	130	132	128	128	115	115	216	228	146	158	258	258	118	118	102	102	163	183	282	282	232	234	98	98	120	124	139	143	198	198	202	202	198	198	156	164	267	281	237	237	166	166
558	1													135	141	102	104	195	205							110	124			165	171	208	214	162	164	78	82	81	105									228	228											281	282																						
"AP.08E3"	0,89	82	106	142	148			244	248	89	91	284	290	135	141	102	104	195	205	94	104	110	110	150	150	110	124	132	132	165	171	208	214	162	164	78	82	81	105	139	141	132	132	122	128	115	175	228	228	158	162	258	262	122	126	102	102	167	175	281	282	230	238	92	98	124	124	143	143	198	202	196	202	204	214	162	164	277	281	237	239	172	172
"581y"	0,98	100	102	134	146			236	243	89	89	280	280	133	133	94	102	195	205	94	104	112	116	144	150	110	114	132	132	171	171	208	214	162	164	78	80	99	101	143	145	132	132	118	118	171	175	228	232	146	158	258	258	118	126	102	102	163	183	282	282	234	236	98	98	124	124	143	147	198	202	196	202	204	214	156	158	277	279	233	239	166	166
"697y"	0,97	82	100	134	146			243	244	85	89	280	280	133	133	94	102	205	205	96	104	110	116	144	150	110	114	132	132	165	171	208	214	162	164	78	80	81	99	143	143	132	132	118	128	171	175	228	232	158	158	258	262	118	126	102	102	167	183	282	287	230	236	98	98	124	124	143	145	198	202	202	202	204	214	158	162	277	279	239	239	166	172
"6LU"	0,93	98	102	132	138			243	244	89	91	280	284	133	137	100	104	195	197	94	96	110	112	148	148	110	124	132	132	171	171	208	208	144	164	66	78	97	101	143	143			122	122	115	147	228	228	158	158			122	122	98	102	163	173	282	282	230	236	96	96	124	124	143	145	202	202	202	202	198	198	164	166	271	271	237	239	166	172
"702y"	0,95			142	146			231	248	89	91	280	284	131	133	94	104	195	195	94	96	110	110	148	150	114	124	123	132	165	165	208	214	144	144	66	72	99	101	145	151	130	132	118	134	175	175	216	228	146	154	258	258	122	126	102	102	163	173	282	283	230	234	92	96	120	124	143	145	198	200	196	202	204	214	156	164	275	279	237	237	166	166
"703y"	0,98	102	106	142	146			231	248	89	91	280	290	131	135	94	104	197	205	94	100	110	110	144	148	110	110	123	123	165	165	208	214	144	144	66	78	101	105	145	151	132	132	118	122	115	175	228	228	146	154	258	258	122	126	102	102	163	169	282	282	234	236	92	96	120	124	145	145	198	198	202	202	204	214	156	164	275	279	237	237	166	166
"74F"	0,91	82	82	134	148			243	244	89	89	284	290	133	137	100	108	195	205	94	94	116	116	144	144	110	114	123	132	165	171	214	214	144	164	72	82	81	81	143	143	130	130	118	118	151	175	228	232	158	158	258	262	126	126	102	102	171	183	281	282	230	232	98	98	122	124	139	145	198	200	196	202	204	204	164	164	277	279	237	237	166	172
"EA.12EY"	1													133	137	100	108	195	205							110	114			165	171	214	214	144	164	72	82	81	81									228	232											281	282																						
"AX.0CJY"	0,9													133	137	100	102	195	197							110	110			165	165	214	214	144	144			105	105									220	228																																		
"AL.061H"	1													133	137	100	102	195	197							110	110			165	165	214	214	144	144			105	105									220	228											281	290																						
"AL.05Y1"	0,95													133	137	100	102	195	197							110	110			165	165	214	214	144	144			105	105									220	228											281	290																						
"AU.0AUT"	0,61													133	137	100	102	195	197							110	110			165	165	214	214	144	144	80	82	105	105									228	228																																		
"AL.0613"	0,75													133	137	100	102	195	197							110	110			165	165	214	214	144	144			105										220	228																																		
"AU.0AEF"	0,92	82	102	142	146	218	224	243	248	89	89	284	284	137	137	94	94	205	205	96	100	112	116	150	150	110	114	132	132	165	171	208	212	142	144	66	82	81	101	141	143			124	128	147	175	232	232	158	162			126	126	102	102	169	183	282	282	232	232	96	98	124	124	145	145	198	198	196	202	198	198	156	156	271	271	233	237	166	172
"AU.0AP4"	0,95													137	137	94	94	205	205							110	114			165	171	208	212	142	144	66	66	81	101									232	232											282	282																						
"AX.0E4P"	0,76													137	137	94	94	205	205							110	114			165	171	208	212	142	144	84	84											232	232											282	282																						
"AU.0AU1"	0,82													137	137	94	94	205	205							110	114			165	171	208	212	142	144	66	82	81	101									232	232											282	282																						
"AU.0AUE"	0,45													137	137	94	94									110	114			165	171			142	144	66	82	81	101									232	232																																		
"AU.0ATT"	0,86													137	137	94	94	205	205							110	114			165	171	208	212	142	144			81	101									232	232																																		
"AL.0644"	0,86													133	137	100	110	197	197							110	110			165	165	214	214	144	144			91	105									212	228											281	290																						
"AU.0AX1"	0,5													133	137	100	110									110	110			165	165	214	214	144	144	80	82	91	105									228	228																																		
"AX.0CTC"	0,58													133	137	100	110	197	197							110	110			165	165			144	144			91	105																																												
"AL.063T"	0,55													133	137	100	110	197	197							110	110			165	165	214	214	144	144			91	105									228	228																																		
"AL.06E5"	1													133	137	100	110	197	197							110	110			165	165	214	214	144	144	80	82	91	105									228	228											281	290																						
"AL.0645"	0,76													133	137	100	110	197	197							110	110			165	165	214	214	144	144			91	105									212	228											281	290																						
"AX.0E4K"	0,91													133	137	100	110	197	197							110	110			165	165	214	214	144	144			91	105									228	228											281	290																						
"AL.06A6"	0,83													133	137	100	110	197	197							110	110			165	165	214	214	144	144	80	82	91	105									228	228																																		
"AL.06F2"	0,88													133	137	100	110	197	197							110	110			165	165	214	214	144	144	80	82	91	105									228	228																																		
"AL.064M"	0,22													133	137	100	110	197	197											165	165	214	214	144	144	82	82	91	105									228	228																																		
"AL.06H8"	0,84	92	106	132	148	216	218	231	243	89	89	284	286	133	137	100	110	197	197	96	102	110	114	144	150	110	110	132	132	165	165	214	214	144	144	80	82	91	105	131	141			118	128	115	155	228	228	146	166			118	130	98	102	161	169	281	290	230	234	92	96	110	118	143	143	198	208	196	196	198	214	162	162	267	279	235	237	172	178
"AL.065L"	0,91													131	139	94	104	195	197							110	116			165	167	208	210	144	144	84	84	105	105									216	232											282	294																						
"AX.0E71"	0,91													131	139	94	104	195	197							110	116			165	167	208	210	144	144	66	82	105	105									216	232											282	294																						
"AL.066A"	0,91													131	139	94	104	195	197							110	116			165	167	208	210	144	144			105	105									216	232											282	294																						
"AL.067P"	0,89													131	139	94	104	195	197							110	116			165	167	208	210	144	144			105	105									216	232											282	294																						
"AX.0E2X"	0,91													131	139	94	104	195	197							110	116			165	167	208	210	144	144			105	105									216	232											282	294																						
"AH.0388"	0,96	106	106	132	138			231	238	85	89	280	290	131	139	94	104	195	197	96	102	110	112	144	150	110	116	123	132	165	167	208	210	144	144	62	66	105	105	143	145			118	122	115	147	216	232	158	158			118	122	98	98	167	173	282	294	230	230	92	96	120	124	145	147	198	198	202	202	198	204	164	164	271	271	237	237	166	172
"AL.0662"	0,85													131	139	94	104	195	197							110	116			165	167	208	210	144	144			105	105									216	232											282	294																						
"AL.066J"	0,79													131	139	94	104	195	197							110	116			165	167	208	210	144	144			105	105									216	232											282	294																						
"AL.067M"	0,73													131	139	94	104	195	197							110	116			165	167	208	210	144	144			105	105									216	232											282	294																						
"AU.0ACK"	0,67													131	139	94	104	195	197							110	116			165	167	208	210	144	144			105	105									216	232											282	282																						
"AL.063L"	0,7													131	139	94	104	195	197							110	116			165	167	208	210	144	144			105	105									216	232											282	294																						
"AL.0652"	0,7													131	139	94	104	195	197							110	116			165	167	208	210	144	144			105	105									216	232																																		
"AL.063P"	1													131	139	94	104	195	197							110	116			165	167	208	210	144	144			105	105									216	232											282	294																						
"AL.067T"	0,27													131	139	94	104	195	197							110	116			165	167	208	210	144	144	66	66	105	105									216	232																																		
"AL.064X"	0,5													131	139	94	104	195	197											165	167	208	210	144	144	82	82	105	105									216	232																																		
"AX.0E56"	0,91													137	139	94	100	195	199							112	124			169	171	208	214	144	144	78	78	91	105									216	232											282	282																						
"AX.0E5P"	0,32													137	139	94	100	195	199											169	171	208	214	144	144			91	105									216	232																																		
"AL.05Y5"	1													137	139	94	100	195	199							112	124			169	171	208	214	144	144			91	105									216	232											282	282																						
"AL.05YT"	1													137	139	94	100	195	199							112	124			169	171	208	214	144	144			91	105									216	232											282	282																						
"AU.0C4T"	0,44													137	139	94	100	195	199							112	124			169	171	208	214	144	144	78	82	91	105									216	232																																		
"AX.0CUC"	0,9													137	137	102	110	195	197							110	114			165	165	214	214	144	144			91	105									224	228																																		
"AL.05XU"	0,9													137	137	102	110	195	197							110	114			165	165	214	214	144	144			91	105									224	228											282	290																						
"AP.086H"	0,91	92	106	132	148			243	266	89	91	284	286	133	137	102	110	197	197	102	107	112	114	150	150	110	114	132	132	165	165	214	214	144	144			91	105	131	141			118	128	155	175	228	228	146	158			118	118	98	102	161	167	281	281	234	236	96	100	110	118	143	145	198	198	196	202	198	214	162	162	273	279	235	237	172	178
"AU.0AXF"	0,39													133	137	100	110	197	205							110	114			165	165			144	144	78	82	91	91									224	228																																		
"AH.02UM"	0,98	92	92	132	132			243	243	89	89	286	286	133	137	100	110	197	205	96	107	112	114	144	150	110	114	132	132	165	165	208	214	144	144	78	82	91	91	123	131			118	118	155	155	224	228	158	166			118	130	102	102	161	171	281	282	234	234	96	96	110	110	141	143	198	204	196	202	198	210	156	162	277	279	235	235	166	178
"AU.0AXE"	0,61													133	137	100	110	197	205							110	114			165	165	208	214	144	144	78	82	91	91									224	228																																		
"AY.0F5L"	0,6													133	137	100	110	197	205							110	114			165	165			144	144			91	91									224	228																																		
"AU.0C25"	0,53													133	137	100	110	197	205							110	114			165	165			144	144	78	82	91	91																																												
"AL.0628"	0,7													133	137	100	110	197	205											165	165			144	144			91	91									224	228																																		
"AU.0AHC"	0,48													133	137	100	110	197	205	96	107	112	114	144	150	110	114	132	132	165	165	208	214	144	144	78	82	91	91	123	131					155	155	224	228					118	130	102	102	161	171	281	282																					166	178
"AL.0622"	0,85													133	137	100	110	197	205							110	114			165	165	208	214	144	144			91	91									224	228																																		
"AP.07LM"	0,87	92	92	132	132			243	243	89	89	286	286	133	137	100	110	197	205	96	107	112	114	144	150	110	114	132	132	165	165	208	214	144	144			91	91	123	131			118	118	155	155	224	228	158	166			118	130	102	102	161	171	281	282	234	234	96	96	110	110	141	143	198	204	196	202	198	210	156	162	277	279	235	235	166	178
"AU.0AH2"	0,73													133	137	100	110	197	205							110	114			165	165	208	214	144	144	78	82	91	91									224	228											281	282																						
"AH.038C"	0,98	92	102	132	142			238	248	89	89	280	284	137	137	94	100	195	205	96	96	112	116	144	150	110	112	132	132	169	171	208	214	144	144	82	82	91	101	143	145	132	132	122	124	115	147	232	232	146	158	258	262	118	126	102	102	169	173	282	282	232	234	98	98	112	124	145	149	198	200	196	202	198	204	156	164	267	271	233	237	142	172
"AU.0AEA"	0,9	92	106	132	148			243	266	89	89	284	286	133	137	100	102	197	205	96	102	110	114	144	150	110	110	132	132	165	165	214	214	144	144	78	82	91	105	131	141			118	128	115	155	228	228	158	158			118	118	98	102	161	169	281	290	230	234	96	100	110	118	143	143	204	208	202	202	210	214	162	164	273	277	235	241	142	178
"AL.06AM"	1			132	148	218	226	243	266	89	91	284	286	133	133	102	110	197	197	102	107	110	114	144	150	110	114	132	132	165	165	208	214	144	144	80	82	91	105	131	143			118	128	115	155	224	228	158	158			118	118	98	102	169	171	281	290	230	234	92	96			141	145	204	208	196	202	198	214	156	164	267	279	235	237	172	178
"AL.06FC"	0,36													133	133	102	110	197	197							110	114			165	165	208	214	144	144	82	82	91	105									224	228																																		
"AU.0APE"	0,56													133	133	102	110	197	197							110	114			165	165			144	144	80	82	91	105									224	228																																		
"AU.0C07"	0,34													131	139	94	104	195	197							110	124			165	167			144	144	66	78	101	105																																												
"AL.0682"	0,75													131	139	94	104	195	197							110	124			165	167	208	214	144	144			101	105									228	228																																		
"AU.0AEL"	0,62													131	139	94	104	195	197							110	124			165	167			144	144	66	78	101	105									228	228																																		
"AU.0AF8"	0,7													131	139	94	104	195	197							110	124			165	167	208	214	144	144	66	78	101	105									228	228											282	282																						
"AU.0AF3"	0,4													131	139	94	104	195	197							110	124			165	167	214	214	144	144	66	78	101	105									228	228																																		
"AU.0AJ0"	0,8	102	106	142	146	218	224	231	231	91	91	280	286	131	139	94	104	195	197	96	100	110	110	148	150	110	124	121	123	165	167	208	214	144	144	66	78	101	105	143	151			118	122	115	175	228	228	154	158			118	122	102	102	163	163	282	282	230	234	96	96	124	124	143	145	198	198	196	202	200	214	164	164	275	277	237	237	166	166
"AU.0AH6"	0,23													131	139	94	104	195	197							110	124			165	167	208	214	144	144	66	66	101	105									228	228																																		
"AL.068Y"	0,15													131	139	94	104	195	197											165	167	208	214	144	144	66	66	101	105																					282	282																						
"AU.0AHE"	0,91													131	139	94	104	195	197							110	124			165	167	208	214	144	144	66	78	101	105									228	228											282	282																						
"AL.0664"	0,31													131	139	94	104	195	197							110	110			165	167	208	214	144	144	66	78	101	105									228	228											282	282																						
"AU.0AHY"	0,58													131	139	94	104	195	197							110	124			165	167	208	214	144	144	66	78	101	105									228	228																																		
"AU.0ATL"	0,82													131	139	94	104	195	197							110	124			165	167	208	214	144	144	66	78	101	105									228	228																																		
"AX.0CPH"	0,55													131	139	94	104	195	197							110	124			165	167	208	214	144	144			101	105									228	228																																		
"AX.0E1J"	0,23													131	139	94	104	195	197											165	167	208	214	144	144			101	105									228	228																																		
"AX.0E1F"	0,76													131	139	94	104	195	197							110	124			165	167	208	214	144	144			101	105									228	228																																		
"AX.0E3L"	0,82													131	139	94	104	195	197							110	124			165	167	208	214	144	144			101	105									228	228											282	282																						
"AX.0E20"	0,86													131	139	94	104	195	197							110	124			165	167	208	214	144	144	78	78	101	105									228	228											282	282																						
"AX.0E18"	0,91													131	139	94	104	195	197							110	124			165	167	208	214	144	144			101	105									228	228											282	282																						
"AX.0E27"	0,5													131	139	94	104	195	197											165	167	208	214	144	144			101	105									228	228																																		
"AX.0E31"	0,45													131	139	94	104	195	197							110	124			165	167	208	214	144	144			101	105									228	228																																		
"AL.068P"	1													133	133	94	108	197	205							110	114			165	165	214	214	164	164	72	78	81	101									228	228											281	282																						
"EE.14PJ"	1													133	133	94	108	197	205							110	114			165	165	214	214	164	164			81	101									228	228											281	282																						
"AX.0CP7"	0,63													133	133	94	108	197	205							110	114			165	165	214	214	164	164			81	101									228	228																																		
"AL.05UH"	0,9													133	133	94	108	197	205							110	114			165	165	214	214	164	164			81	101									228	228																																		
"AX.0CPJ"	0,9													133	133	94	108	197	205							110	114			165	165	214	214	164	164			81	101									228	228																																		
"AU.0C0X"	0,9	82	102	132	134			243	244	89	89	280	290	133	133	94	108	197	205	94	96	112	116	144	150	110	114	123	132	165	165	214	214	164	164	72	78	81	101	143	145			118	128	115	151	228	228	150	158			118	126	102	102	183	183	281	282	232	236	98	98	122	122	139	143	200	204	196	202	198	204	164	164	267	277	237	237	166	166
"AL.065C"	0,64													133	133	94	108	197	205							110	114			165	165	214	214	164	164			81	101									228	228																																		
"AU.0AE4"	0,59													133	133	94	108	197	205							110	114			165	165	214	214	164	164			81	101									228	228																																		
"AX.0E66"	0,82													133	133	94	108	197	205							110	114			165	165	214	214	164	164	72	78	81	101									228	228																																		
"AX.0E44"	0,73													133	133	94	108	197	205							110	114			165	165	214	214	164	164			81	101									228	228																																		
"AX.0E62"	0,57													133	133	94	108	197	205							110	114			165	165	214	214	164	164			81	101									228	228																																		
"AU.0AYM"	0,91													133	133	94	108	197	205							110	114			165	165	214	214	164	164	72	78	81	101									228	228											281	282																						
"AL.0657"	0,79													133	133	94	108	197	205							110	114			165	165	214	214	164	164	78	78	81	101									228	228											281	282																						
"AL.065P"	0,89													137	139	100	104	195	195							116	124			165	165	208	210	144	144			105	105									228	228											282	282																						
"AL.062U"	1													137	139	100	104	195	195							116	124			165	165	208	210	144	144			105	105									228	228											282	282																						
"AL.065U"	0,82													137	139	100	104	195	195							116	124			165	165	208	210	144	144			105	105									228	228											282	282																						
"AU.0AF5"	0,42													137	139	100	104	195	195							116	124			165	165			144	144	78	82	105	105									228	228											282	282																						
"AU.0ATC"	0,91													137	139	100	104	195	195							116	124			165	165	208	210	144	144	78	82	105	105									228	228											282	282																						
"AL.060F"	0,7													137	139	100	104	195	195							116	124			165	165	208	210	144	144			105	105									228	228											282	282																						
"AL.06CK"	0,91													137	139	100	104	195	195							116	124			165	165	208	210	144	144	78	82	105	105									228	228																																		
"AX.0E1H"	0,55													137	139	100	104	195	195							116	124					208	210	144	144	78	78	105	105									228	228											282	282																						
"AL.062F"	0,9													137	139	100	104	195	195							116	124			165	165	208	210	144	144			105	105									228	228																																		
"AL.0634"	1													137	139	100	104	195	195							116	124			165	165	208	210	144	144			105	105									228	228											282	282																						
"AX.0E1C"	0,97			132	146	224	230	231	236	89	89	280	286	137	139	100	104	195	195	100	100	110	112	148	148	116	124	121	121	165	165	208	210	144	144			105	105	151	151			118	128	175	175	228	228	158	158			122	122	102	102	171	179	282	282	234	236	96	96			143	145	198	200	196	202	204	214	164	164	271	273	235	237	166	166
"AL.063X"	0,95													137	139	100	104	195	195							116	124			165	165	208	210	144	144	78	82	105	105									228	228											282	282																						
"AX.0E3Y"	0,86													137	139	100	104	195	195							116	124			165	165	208	210	144	144			105	105									228	228											282	282																						
"AU.0C46"	0,6			132	146	224	230	231	236	89	89	280	286	137	139	100	104	195	195	100	100	110	112	148	148	116	124	121	123	165	165	208	210	144	144	78	82	105	105	151	151			118	128	175	175	228	228	158	158			122	122	102	102	171	179	282	282	234	236	96	96			143	145	198	200	196	202	204	214	164	164	271	273	235	237	166	166
"AL.06F4"	1													137	139	100	104	195	195							116	124			165	165	208	210	144	144	78	82	105	105									228	228											282	282																						
"AX.0E34"	0,86													137	139	100	104	195	195							116	124			165	165	208	210	144	144			105	105									228	228											282	282																						
"AL.064K"	0,73													137	139	100	104	195	195							116	116			165	165	208	210	144	144	78	78	105	105									228	228											282	282																						
"AL.064E"	0,61													137	139	100	104	195	195							116	124			165	165	208	210	144	144	78	78	105	105									228	228																																		
"AL.0648"	0,76													137	139	100	104	195	195							116	124			165	165	208	210	144	144			105	105									228	228											282	282																						
"AX.0E2U"	0,73													137	139	100	104	195	195							116	124			165	165	208	210	144	144	78	78	105	105									228	228											282	282																						
"AL.0640"	0,82													137	139	100	104	195	195							116	124			165	165	208	210	144	144			105	105									228	228											282	282																						
"AU.0AK5"	0,95													137	139	100	104	195	195							116	124			165	165	208	210	144	144	78	82	105	105									228	228																																		
"AX.0E2E"	0,91													137	139	100	104	195	195							116	124			165	165	208	210	144	144	78	78	105	105									228	228											282	282																						
"AL.063U"	0,91													137	139	100	104	195	195							116	124			165	165	208	210	144	144			105	105									228	228											282	282																						
"AX.0E25"	0,73													137	139	100	104	195	195							116	124			165	165	208	208	144	144	78	78	105	105									228	228																																		
"AL.063E"	1													137	139	100	104	195	195							116	124			165	165	208	210	144	144			105	105									228	228											282	282																						
"AX.0E1U"	0,41													137	139	100	104	195	195							116	124			165	165			144	144			105	105									228	228																																		
"AL.067X"	0,9													137	139	100	104	195	195							116	124			165	165	208	210	144	144			105	105									228	228											282	282																						
"AL.06A0"	1													137	139	100	104	195	195							116	124			165	165	208	210	144	144	78	82	105	105									228	228											282	282																						
"AL.0680"	0,65													137	139	100	104	195	195											165	165	208	210	144	144			105	105									228	228																																		
"AU.0C58"	0,93			132	142	224	224	238	243	89	89	284	286	137	139	94	94	195	205	96	96	112	116	144	150	110	124	121	132	165	171	208	212	142	144	78	82	101	105	141	147			128	128	115	175	232	232	146	158			118	126	102	102	173	183	282	282	232	236	96	98			145	149	198	200	196	202	198	214	156	164	267	271	233	237	142	166
"AU.0AH8"	0,91													137	139	94	94	195	205							110	124			165	171	208	212	142	144	78	82	101	105									232	232											282	282																						
"AU.0AML"	0,61													137	139	94	94									110	124			165	171			142	144	78	82	101	105									232	232																																		
"AU.0APX"	0,76													137	139	94	94	195	205							110	124			165	171	208	212	142	144	78	82	101	105									232	232											282	282																						
"AU.0AE2"	0,36													137	139	94	94	195	195											165	171	208	212	142	144	80	80	101	105									232	232											282	282																						
"AX.0E6U"	0,86													137	137	100	100	197	205							110	114			165	165	208	214	144	144	80	80	91	105									220	228											281	282																						
"AP.08CC"	0,94	92	106	132	148			243	264	89	89	284	286	137	137	100	100	197	205	96	104	112	112	144	150	110	114	132	132	165	165	208	214	144	144	78	80	91	105	131	143			118	128	155	175	220	228	146	158			118	134	98	102	167	171	281	281	234	236	92	96	110	118	141	143	198	198	202	202	198	214	156	164	267	277	235	237	142	178
"AH.03HA"	0,93	92	106	132	148			231	243	89	89	284	286	137	137	100	102	197	197	96	104	112	114	144	144	110	114	132	132	165	165	208	214	144	144	78	82	91	105	131	141			118	118	115	155	220	228	158	158	258	262	118	134	98	102	161	167	281	281	234	236	96	100	110	124	141	145	198	208	202	202	198	214	156	162	273	279	235	241	142	178
"AU.0AHJ"	0,27													137	137	100	102	197	197							110	114			165	165	208	214	144	144	78	82	91	105									220	228																																		
"AU.0AHA"	0,43													137	137	100	102	197	197							110	114			165	165	208	214	144	144	78	82	91	105									220	220																																		
"AU.0C51"	0,26													133	135	94	102									124	124			171	171			144	164	78	78	101	105									216	228																																		
"AL.06CL"	0,67													133	135	94	102	197	205							124	124			171	171	208	214	144	164	78	78	101	105									216	228											281	282																						
"AP.08CK"	0,95	102	106	134	142			242	244	89	91	280	284	133	135	94	102	197	205	94	104	110	112	146	150	124	124	132	132	171	171	208	214	144	164	78	78	101	105	141	145	132	132	124	128	115	175	216	228	158	162	258	258	122	126	102	102	167	169	281	282	230	232	98	98	112	124	143	143	198	202	196	202	198	204	156	164	273	277	237	239	166	172
"AL.06CF"	0,91													137	141	100	104	195	205							112	124			165	165	208	208	142	144	72	82	105	105									216	228																																		
"AL.06HC"	0,95													137	141	100	104	195	205							112	124			165	165	208	208	142	144	72	72	105	105									216	228											282	282																						
"AL.06CY"	1													137	141	100	104	195	205							112	124			165	165	208	208	142	144	72	82	105	105									216	228											282	282																						
"AL.06FT"	1													137	141	100	104	195	205							112	124			165	165	208	208	142	144	72	82	105	105									216	228											282	282																						
"AL.068M"	0,97	106	106	146	148			236	238	85	89	280	286	137	141	100	104	195	205	94	98	110	112	144	144	112	124	121	132	165	165	208	208	142	144	72	82	105	105	131	143			124	128	147	147	216	228	154	158			118	134	102	102	171	179	282	282	230	232	96	98	124	124	145	149	200	202	196	202	198	204	162	164	273	273	237	241	166	178
"AU.0C8F"	0,91													137	139	94	94	199	205							110	112			165	169			142	144	82	82	81	91									216	232																																		
"CY.12EK"	0,25													137	139	94	94	199	205							110	112			165	169	208	208	142	144	82	82	81	91									216	232											282	282																						
"CE.0JPU"	0,95	82	92	146	148			238	243	89	89	280	284	137	139	94	94	199	205	100	102	112	116	144	150	110	112	132	132	165	169	208	208	142	144	82	82	81	91	143	145			124	128	115	175	216	232	146	158	262	262	118	126	102	102	169	169	282	282	232	236	96	98	112	124	145	149	198	200	196	202	198	204	156	164	267	271	237	237	166	172
"AL.06FY"	0,73													139	139	94	100	197	199							112	116			171	171	200	218	144	144	82	82	105	105									228	232																																		
"AU.0C5C"	0,91													139	139	94	100	197	199							112	116			171	171	200	218	144	144	82	82	105	105									228	232											281	281																						
"AU.0C4P"	0,88	106	106	132	146			231	238	89	91	280	286	139	139	94	100	197	199	98	98	110	110	144	148	112	116	132	132	171	171	200	218	144	144	82	82	105	105	141	145			118	122	111	151	228	232	158	158			94	122	98	102	163	179	281	282	234	236	92	96	122	124	145	149	200	200	202	202	198	204	164	164			235	237	166	172
"AL.06E0"	0,95													139	139	94	100	197	199							112	116			171	171	200	218	144	144	82	82	105	105									228	232																																		
"AL.065J"	1													139	139	94	100	197	199							112	116			171	171	200	218	144	144	82	82	105	105									228	232											281	282																						
"AL.06H4"	0,52															94	100	197	199							112	116			171	171	200	218	144	144	82	82	105	105									228	232											281	282																						
"AL.06CM"	1													139	139	94	100	197	199							112	116			171	171	200	218	144	144	82	82	105	105									228	232											281	282																						
"AL.066K"	0,95													139	139	94	100	197	199							112	116			171	171	200	218	144	144			105	105									228	232											281	282																						
"AL.066P"	0,88													139	139	94	100	197	199							112	116			171	171	200	218	144	144			105	105									228	232											281	282																						
"AL.06FP"	0,91													139	139	94	100	197	199							112	116			171	171	200	218	144	144	82	82	105	105									228	232																																		
"AP.08CF"	0,96	106	106	132	146			231	238	89	91	280	286	139	139	94	100	197	199	98	98	110	110	144	148	112	116	132	132	171	171	200	218	144	144	82	82	105	105	141	145			118	122	111	151	228	232	158	158			94	122	98	102	163	179	281	282	234	236	92	96	122	124	145	149	200	200	202	202	198	204	164	164	267	271	235	237	166	172
"AL.065T"	0,82													139	139	94	100	197	199							112	116			171	171	200	218	144	144			105	105									228	232											281	281																						
"AU.0C4C"	0,91													139	139	94	100	197	199							112	116			171	171	200	218	144	144	82	82	105	105									228	232											281	282																						
"AU.0C8A"	0,67													137	137	94	100	197	205							110	112			169	171	208	212	144	144	66	82	81	91									232	232																																		
"AU.0C70"	0,63			146	148	218	224	238	243	89	89	284	286	137	137	94	100	197	205	100	102	112	112	144	150	110	112	132	132	169	171	208	212	144	144	66	82	81	91	143	145			122	124	119	175	232	232	146	158			126	126	102	102	169	183	282	282	232	236	96	98			145	149	198	200	202	202	198	204	156	164	271	271	237	237	142	166
"AL.05UP"	0,91			132	148	218	218	243	266	91	91	284	286	133	137	100	102	195	197	96	104	112	112	144	150	110	110	132	132	165	165	214	214	144	144			91	105	131	141			118	128	115	155	224	228	158	158			118	118	98	102	167	171			234	234	92	96			143	145	198	204	196	202	198	214	162	162	267	279	235	241	172	178
"AY.0F61"	0,55													133	137	100	102	195	197							110	110			165	165	214	214	144	144			91	105									224	228																																		
"AL.05YL"	1													131	133	100	104	195	197							114	116			167	169	214	214	144	144			101	105									224	228											281	282																						
"AL.05X5"	1													131	133	100	104	195	197							114	116			167	169	214	214	144	144			101	105									224	228											281	282																						
"AL.05X7"	1													131	133	100	104	195	197							114	116			167	169	214	214	144	144			101	105									224	228											281	282																						
"AL.05UT"	0,48													131	133	100	104	195	197											167	169	214	214	144	144			101	105									224	228																																		
"AX.0CXX"	0,77													131	133	100	104	195	197							114	116			167	169	214	214	144	144			101	105									224	228																																		
"AL.062P"	0,95													131	133	100	104	195	197							114	116			167	169	214	214	144	144			101	105									224	228											281	281																						
"AL.062K"	0,9													131	133	100	104	195	197							114	116			167	169	214	214	144	144			101	105									224	228																																		
"AL.05XE"	1													131	133	100	104	195	197							114	116			167	169	214	214	144	144			101	105									224	228											281	282																						
"AX.0E1E"	0,94	102	106	138	148	218	230	236	236	85	91	284	286	131	133	100	104	195	197	96	100	110	114	144	150	114	116	121	134	167	169	214	214	144	144			101	105	139	147			118	128	111	115	224	228	154	158			118	118	98	102	169	179	281	282	232	234	96	96	124	132	143	145	200	202	202	202	198	198	156	164	277	281	237	237	166	172
"AL.05UU"	1													131	133	100	104	195	197							114	116			167	169	214	214	144	144			101	105									224	228											281	282																						
"AL.05UY"	1			132	146	218	218	236	238	89	91	280	290	137	139	94	104	195	197	96	100	110	116	150	150	114	114	123	132	165	169	214	214	144	144			101	101	145	145			118	128	115	147	216	232	146	158			118	126	102	102	169	179	282	282	232	232	96	98			145	149	198	200	202	202	198	198	156	164	271	277	237	237	142	166
"AL.05XX"	1													137	139	94	104	195	197							114	114			165	169	214	214	144	144			101	101									216	232											282	282																						
"AL.05XM"	1													137	139	94	104	195	197							114	114			165	169	214	214	144	144			101	101									216	232											282	282																						
"AX.0CAK"	0,3													137	139	94	104	195	197							114	114			165	169			144	144			101	101									216	216																																		
"AL.063C"	0,75													137	139	94	104	195	197							114	114			165	169			144	144			101	101									216	232																																		
"AL.063A"	0,85													137	139	94	104	195	197							114	114			165	169	214	214	144	144			101	101									216	232											282	282																						
"AL.0638"	0,9													137	139	94	104	195	197							114	114			165	169	214	214	144	144			101	101									216	232																																		
"AL.0637"	0,88													137	139	94	104	195	197							114	114			165	169	214	214	144	144			101	101									216	232											282	282																						
"AX.0CU2"	0,7													137	139	94	104	195	197							114	114			165	169			144	144			101	101									216	232																																		
"AX.0CT4"	0,59													137	139	94	104	195	197							114	114							144	144			101	101									216	232																																		
"AL.0616"	0,87													137	139	94	104	195	197							114	114			165	169	214	214	144	144			101	101									216	232											282	282																						
"AL.061A"	0,88													137	139	94	104	195	197							114	114			165	169	214	214	144	144			101	101									216	232											282	282																						
"AX.0CLY"	0,88													137	137	102	110	195	197							110	110			165	165	214	214	144	144			91	105									228	228																																		
"AL.05YU"	0,9													137	137	102	110	195	197							110	110			165	165	214	214	144	144			91	105									228	228																																		
"AL.0603"	1													137	137	102	110	195	197							110	110			165	165	214	214	144	144			91	105									228	228											281	290																						
"AX.0E7C"	0,76	92	106	132	148	216	218			89	89			137	137	102	110	195	197	104	107	110	114	144	144	110	110	130	132	165	165	214	214	144	144	78	84	91	105	131	143			118	128	115	155	228	228	146	158			130	134	98	102	161	169	281	290			92	96	110	124	141	143	198	204	196	202	198	214	162	162					142	178
"AL.05YM"	1													137	137	102	110	195	197							110	110			165	165	214	214	144	144			91	105									228	228											281	290																						
"AL.0620"	1													137	137	102	110	195	197							110	110			165	165	214	214	144	144			91	105									228	228											281	290																						
"AX.0CAY"	1													137	137	102	110	195	197							110	110			165	165	214	214	144	144			91	105									228	228											281	290																						
"AX.0CMT"	1													137	137	102	110	195	197							110	110			165	165	214	214	144	144			91	105									228	228											281	290																						
"AL.063F"	1													137	137	102	110	195	197							110	110			165	165	214	214	144	144			91	105									228	228											281	290																						
"AL.05XP"	1													137	137	102	110	195	197							110	110			165	165	214	214	144	144			91	105									228	228											281	290																						
"AX.0CKL"	0,9													137	137	102	110	195	197							110	110			165	165	214	214	144	144			91	105									228	228																																		
"AX.0CXY"	0,84													137	137	102	110	195	197							110	110			165	165	214	214	144	144			91	105									228	228																																		
"AX.0E78"	0,79													137	137	102	110	195	197							110	110			165	165	214	214	144	144	78	80	91	105									228	228																																		
"AL.05YJ"	0,9													137	139	100	108	195	197							112	112			165	169	214	214	144	164			105	105									216	232											282	290																						
"AL.05Y7"	0,5													137	139	100	108	195	197							112	112			165	169	214	214	144	164			105	105									216	232																																		
"AL.06H1"	0,38	106	106	132	144	224	230			89	89	284	284	137	139	100	108	195	197	94	98	110	112	144	149	112	112	130	132	165	169	214	214	144	164	82	82	105	105	131	151			122	128	111	115	216	232					94	122	102	102	173	175	282	290	230	240	96	96	112	124	143	145	198	200	202	202	204	212	164	164			237	237	172	172
"AL.05YH"	1			132	146	218	224	238	248	89	89	284	286	137	137	94	94	199	205	96	102	112	116	144	150	110	112	121	132	165	171	212	214	144	144			81	91	141	147			124	128	115	175	232	232	158	158			126	126	102	102	169	173	282	282	232	232	96	96			145	145	198	200	202	202	198	204	164	164	271	271	233	237	172	172
"AL.05YK"	0,58													131	139	104	110	197	197							114	116			167	169	214	214	144	144			101	105									224	232																																		
"AL.05YP"	1			132	138	218	218	236	245	85	91	284	290	131	139	104	110	197	197	96	100	110	110	144	150	114	116	123	134	167	169	214	214	144	144			101	105	131	145			118	118	115	115	224	232	158	158			118	118	102	102	179	183	282	282	230	232	96	96			143	149	198	202	202	202	198	200	156	164	277	277	237	241	142	172
"AL.0601"	0,47													131	139	104	110	197	197							114	116			167	169	214	214	144	144			101	105									224	232											282	282																						
"AL.061J"	1													131	139	104	110	197	197							114	116			167	169	214	214	144	144			101	105									224	232											282	282																						
"AL.061E"	0,93													131	139	104	110	197	197							114	116			167	169	214	214	144	144			101	105									224	232											282	282																						
"AX.0CEC"	0,9													131	133	94	100	197	197							110	116			165	169	214	214	144	144			105	105									228	228																																		
"AX.0CKX"	0,9													131	133	94	100	197	197							110	116			165	169	214	214	144	144			105	105									228	228																																		
"AL.0607"	1			138	148	216	230	236	245	89	91	284	290	131	133	94	100	197	197	96	100	110	110	144	150	110	116	123	134	165	169	214	214	144	144			105	105	131	145			118	118	111	111	228	228	158	158			118	126	98	102	173	183	282	282	232	234	96	96			145	145	198	204	202	202	198	200	156	164	271	281	237	237	166	172
"AL.060L"	0,9													131	133	94	100	197	197							110	116			165	169	214		144	144			105	105									228	228											282	282																						
"AL.0610"	0,87													133	137	100	100	197	205							110	114			165	165	214	214	144	144			91	105									220	224											281	281																						
"AX.0CP0"	0,9													133	137	100	100	197	205							110	114			165	165	214	214	144	144			91	105									220	224																																		
"AX.0CPA"	0,88													133	137	100	100	197	205							110	114			165	165	214	214	144	144			91	105									220	224																																		
"AX.0CU1"	0,9													133	137	100	100	197	205							110	114			165	165	214	214	144	144			91	105									220	224																																		
"AL.060T"	0,7													133	137	100	100	197	205							110	114			165	165	214	214	144	144			91	105									220	224											281	281																						
"AL.060U"	0,73													133	137	100	100	197	205							110	114			165	165	214	214	144	144			91	105									220	224																																		
"AL.0611"	1			132	148	216	218	231	243	89	91	286	286	133	137	100	100	197	205	96	104	112	114	144	144	110	114	130	132	165	165	214	214	144	144			91	105	131	141			118	128	115	155	220	224	146	158			118	130	98	102	161	169	281	281	230	234	96	100			143	143	198	208	196	202	210	214	156	164	273	279	235	241	172	178
"AL.0614"	1													133	137	100	100	197	205							110	114			165	165	214	214	144	144			91	105									220	224											281	281																						
"AP.07ML"	0,91	92	106	132	148			231	243	89	91	286	286	133	133	100	110	195	197	104	107	112	114	144	150	110	114	130	132	165	165	208	214	144	144			91	105	131	143			118	128	115	155	224	228	158	166			118	130	98	102	161	167	281	281	230	234	92	96	110	118	141	143	198	198	196	202	198	214	162	164	267	279	235	241	142	178
"AL.060X"	0,33													133	133	100	110	195	197							110	114			165	165	208	214	144	144			91	105									224	228																																		
"AL.061F"	0,96			138	146	218	218	236	238	89	91	280	290	137	141	94	104	197	205	100	100	110	112	150	150	114	114	123	132	165	169	212	214	144	144			101	101	145	145			118	128	115	115	224	232	158	158			118	126	102	102	169	183	282	282	232	232	96	98			143	145	198	202	196	202	198	200	164	164	271	277	237	237	142	172
"AL.0636"	1			136	146	224	236	244	244	85	87	290	296	137	137	108	108	193	193	96	96	110	112	146	148	112	114	129	131	165	167	200	212	140	154			103	105	139	147			116	116	111	115	228	236	146	154			130	134	106	106	165	181	272	286	230	230	98	98			143	149	198	198	204	206	198	206	156	158	269	269	227	235	172	178
"AL.0627"	0,46													137	137	108	108	193	193							112	114			165	167	200	212	140	154			103	105									228	236																																		
"AX.0CUJ"	1													137	137	108	108	193	193							112	114			165	167	200	212	140	154			103	105									228	236											272	286																						
"AL.0635"	1			132	134	218	224	236	244	85	89	286	286	133	135	94	100	195	195	94	96	110	110	144	150	110	112	121	130	165	169	208	214	142	164			105	105	131	147			122	122	115	115	216	228	158	162			118	122	98	102	175	183	282	282	232	232	94	98			139	143	198	204	196	196	204	204	156	164	273	277	237	239	172	178
"AX.0E42"	0,36													133	139	94	100	195	197							110	116			165	171	212	214	144	164			105	105									228	232											281	282																						
"AX.0E2J"	0,91													133	139	94	100	195	197							110	116			165	171	212	214	144	164			105	105									228	232											281	282																						
"AX.0E4M"	0,7													133	139	94	100	195	197							110	116			165	171	212	214	144	164			105	105									228	232											281	282																						
"AX.0E3M"	0,41													133	139	100	100	195	197							110	116			165	171	212	214	144	164	76	76	105	105									228	232																																		
"AX.0E5T"	0,87	106	106	132	138	216	218	236	236	89	89	284	290	133	139	94	100	195	197	100	110	110	114	144	150	110	116	123	134	165	171	212	214	144	164			105	105	145	147			118	128	115	115	228	232	154	158			118	118	102	102	173	183	281	282	230	232	96	96			143	145	198	204	202	202	198	200	164	166	277	281	237	241	166	166
"AL.063M"	0,39													133	139	94	100	195	197							110	116			165	171	212	214	144	164	76	76	105	105									228	232											281	282																						
"AL.064F"	0,82													135	139	94	104	195	197											171	171	208	208	144	164	78	82	81	105									216	228											281	282																						
"AL.06FE"	0,64													135	139	94	104	197	197							124	124			171	171	208	208	144	164	78	82	81	105									216	228											281	282																						
"AU.0AF1"	0,4													135	139	94	104	195	197							124	124			171	171	208	208	144	164			81	105									216	228																																		
"AP.07Y3"	0,78			134	148	224	230	238	248	91	91	280	284	135	139	94	104	195	197	104	104	110	110	146	150	124	124	132	132	171	171	208	208	144	164			81	105	141	145			122	128	115	115	216	228	158	158			122	126	102	102	163	167	281	282	232	238	92	98			139	143	198	202	202	202	204	204	156	164	273	281	237	239	166	172
"AU.0AY5"	0,82													135	139	94	104	195	197							124	124			171	171	208	208	144	164	78	82	81	105									216	228																																		
"AU.0C04"	0,95													135	139	94	104	195	197							124	124			171	171	208	208	144	164	78	78	81	105									216	228											281	282																						
"AU.0C0A"	0,91													135	139	94	104	195	197							124	124			171	171	208	208	144	164	78	82	81	105									216	228																																		
"AX.0E2M"	0,82													135	139	94	104	195	197							124	124			171	171	208	208	144	164			81	105									216	228											281	282																						
"AL.06F1"	0,88													135	139	94	104	195	197							124	124			171	171	208	208	144	164	78	82	81	105									216	228																																		
"AU.0APF"	0,63	82	82	134	134	224	224	242	243	89	89	280	290	133	135	94	100	195	197	94	96	112	116	144	150	110	124	123	132	165	165	208	214	144	164	78	82	81	101	143	143			118	122	115	151	228	228	158	158			118	126	102	102	163	171	281	282			98	98	122	124	143	145	198	200	202	202	204	204	164	164			237	237	166	172
"AL.064U"	0,26													133	135	94	100	195	197							110	110			165	165	208	214	144	164			81	101									228	228																																		
"AU.0ACC"	0,83	92	106	132	148	216	218	243	266	89	91	284	286	133	137	100	102	195	205	96	104	110	114	144	150	110	114	132	132	165	165	214	214	144	144			91	105	131	141			118	128	115	155	228	228	146	158			118	134	98	102	169	171	281	281	234	236	96	100	110	118	141	143	198	204	196	196	210	214	156	164	267	277	235	237	142	178
"AL.0656"	0,49													133	137	100	102	195	205							110	114			165	165	214	214	144	144			91	105									228	228											281	290																						
"AX.0E32"	0,91													135	139	94	100	195	199							116	124			165	171	200	214	144	164			101	105									228	228											281	282																						
"AL.0666"	0,76			146	146			231	243	89	89	280	280	135	139	94	100	195	199	94	98	110	116	144	148	116	124	132	132	165	171	200	214	144	164	82	82	101	105	143	145					111	151	228	228					122	126	98	102	163	171	281	282	234	236			122	122	145	149	198	200					164	164			235	237	172	172
"AX.0E74"	0,91													135	139	94	100	195	199							116	124			165	171	200	214	144	164			101	105									228	228											281	282																						
"AX.0E7J"	0,91													135	139	94	100	195	199							116	124			165	171	200	214	144	164			101	105									228	228											281	282																						
"AL.068A"	0,67													135	137	94	100	197	205							110	114			165	165	208	214	144	164	72	78	81	101									228	228																																		
"AL.068J"	0,94													135	137	94	100	197	205							110	114			165	165	208	214	144	164	72	78	81	101									228	228																																		
"AL.068K"	1													135	137	94	100	197	205							110	114			165	165	208	214	144	164	72	78	81	101									228	228											282	282																						
"AL.06F3"	0,95													135	137	94	100	197	205							110	114			165	165	208	214	144	164	72	78	81	101									228	228																																		
"AU.0C10"	0,48													135	137	94	100	197	205							110	114			165	165	208	214	144	164			81	101									228	228											282	282																						
"AL.0685"	0,98													135	137	94	100	197	205							110	114			165	165	208	214	144	164	72	78	81	101									228	228											282	282																						
"AL.06EP"	0,95													135	137	94	100	197	205							110	114			165	165	208	214	144	164	72	78	81	101									228	228																																		
"AL.06E2"	0,35													135	137	94	100	197	205							110	114			165	165	208	214	144	164	72	78	81	101									228	228											282	282																						
"AL.06AA"	0,95													135	137	94	100	197	205							110	114			165	165	208	214	144	164	72	78	81	101									228	228											282	282																						
"AL.06HA"	0,39													135	137	94	100	197	205							110	114			165	165	208	214	144	164	72	78	81	101									228	228																																		
"AL.06C2"	0,55													135	137	94	100	197	205							110	114			165	165	208	214	144	164	72	78	81	101									228	228																																		
"AL.06EX"	0,94													135	137	94	100	197	205							110	114			165	165	208	214	144	164	72	78	81	101									228	228																																		
"AL.06E7"	0,91													135	137	94	100	197	205							110	114			165	165	208	214	144	164	72	78	81	101									228	228																																		
"AU.0C0M"	0,83	82	102	134	142	224	224	242	244	89	91	280	284	135	137	94	100	197	205	94	96	112	116	144	150	110	114	123	132	165	165	208	214	144	164	72	78	81	101	143	145			118	128	115	151	228	228	150	158			118	126	102	102	179	183	282	282	230	236	98	98	120	122	139	143	200	204	202	202	198	204	164	164	267	279	237	237	166	172
"AL.06EC"	0,79													135	137	94	100	197	205							110	114			165	165	208	214	144	164	72	78	81	101									228	228																																		
"AU.0AEU"	0,75													137	139	102	104	195	197							114	124			165	171	214	214	164	164	78	82	81	105									232	232											281	287																						
"AU.0AET"	0,62													137	139	102	104	195	197							114	124			165	171	214	214	164	164	78	82	81	105									232	232																																		
"AL.068T"	0,9	82	106	132	148			236	244	89	89	290	290	137	139	102	104	195	197	94	96	110	116	149	150	114	124	132	132	165	171	214	214	164	164	78	82	81	105	139	143			118	118	111	175	232	232	158	158			118	134	102	102	171	179	281	287	232	232	96	98	124	124	139	145	198	204	202	202	204	214	164	164	279	281	237	237	172	178
"AL.06A4"	1													131	133	94	102	195	197							110	110			165	165	200	208	144	164	66	78	101	105									228	228											282	282																						
"AL.06A7"	0,91													131	133	94	102	195	197							110	110			165	165	200	208	144	164	66	78	101	105									228	228																																		
"AP.08E6"	0,9	102	106	142	146	218	230	231	248	89	91	280	290	131	133	94	102	195	197	94	100	110	110	144	148	110	110	123	123	165	165	200	208	144	164	66	78	101	105	145	151	130	132	122	134	175	175	228	228	146	154	258	258	122	126	102	102	163	169	282	282	230	234	92	96	124	124	145	145	198	200	202	202	204	214	156	164	277	279	237	237	166	172
"AP.08E1"	0,95	106	106	138	148			236	248	85	91	284	290	133	141	100	104	205	205	96	96	110	112	146	150	112	124	123	132	165	167	208	208	142	162	78	80	105	105	131	141	132	132	126	128	115	175	216	228	146	154	258	258	122	126	98	102	169	171	282	282	234	234	96	98	122	124	139	145	198	202	190	200	204	204	156	162	267	273	237	241	154	166
"AL.06FX"	0,91													133	141	100	104	205	205							112	124			165	167	208	208	142	162	78	80	105	105									216	228																																		
"AP.08E2"	0,96	82	102	134	142			238	244	89	91	280	284	133	135	102	104	197	205	94	94	110	112	146	150	124	124	132	132	165	171	208	208	144	164	78	82	81	101	141	145	130	132	122	128	115	115	216	228	158	158	258	262	122	126	102	102	163	167	281	282	230	232	98	98	112	124	139	143	202	202	196	202	204	214	164	164	273	277	237	237	166	172
"AL.06H7"	0,95													133	135	102	104	197	205							124	124			165	171	208	208	144	164	78	82	81	101									216	228											281	282																						
"AM.07FM"	0,92	82	82	142	148			242	244	91	91	280	290	133	139	94	108	197	197	94	94	112	112	144	150	114	124	123	132	165	171	208	214	144	164			81	101	143	145			118	124	115	175	228	232	158	158			122	126	102	102	163	163	282	282	230	238	98	98	112	122	143	143	198	198	202	202	204	204	164	164	279	281	237	237	172	172
"AM.07FP"	0,89	82	106	132	148	218	224	242	244	89	91	280	286	133	139	100	102	195	197	102	104	110	110	144	150	112	124	130	132	165	165	208	214	142	144			81	105	131	141			122	128	115	115	216	228	154	162			118	118	102	102	171	175	282	282	230	238	98	98	120	124	143	147	198	204	196	200	198	204	156	156	273	277	237	241	172	178
"AP.07LY"	0,91	102	106	132	144			231	236	89	93	280	280	131	139	100	104	197	205	94	102	112	112	144	146	112	114	132	132	165	171	214	214	144	164			101	105	143	145			128	128	151	175	216	232	146	158			118	118	102	102	173	175	282	282	230	234	96	96	118	132	145	147	198	202	196	202	204	204	164	166	267	273	233	237	166	172
"AP.07M1"	0,91	100	106	132	142			244	244	85	85	288	290	133	137	102	104	197	205	94	96	110	110	149	149	116	124	123	132	165	171	208	214	144	144			99	105	141	143			118	128	115	147	228	232	150	158			134	134	102	102	163	179	282	287	230	232	92	96	122	124	143	145	202	202	202	202	198	214	156	164	281	281	233	239	166	178
"AP.07M2"	0,76			132	142	218	226	238	244	89	91	280	284	131	139	100	110	195	205	94	96	112	112	146	146	114	114	132	132	165	171	214	214	144	162			91	105	141	145			114	126	151	175	228	232	154	158			118	118	102	102	161	161			234	234	92	94			147	147	198	202	200	202	204	214	158	166			237	237	142	166
"AP.07M3"	0,82			150	152	216	224	236	244	89	93	280	290	137	137	94	94	195	199	94	108	112	112	144	146	110	110	123	132	165	171	212	214	140	144			101	101	131	139			128	128	115	115	216	216	146	158			94	118	102	102	161	169	282	282	236	236	98	98			139	145	202	202	198	202	204	208	164	166	273	277	235	237	142	172
"AP.07M4"	0,91	98	98	124	148			244	266	89	89	280	280	133	141	102	102	195	197	102	104	112	116	148	150	112	114	132	132	169	169	214	214	140	144			97	97	143	151			124	128	175	175	216	228	146	158			118	122	98	106	163	179	282	282	232	234	96	96	112	120	145	145	198	200	196	200	198	198	156	164	267	271	235	237	172	178
"AP.07M5"	1			146	146	218	228	230	243	89	89	280	286	133	139	94	104	195	197	100	100	114	116	146	150	110	114	130	132	165	169	212	214	142	162			95	105	141	147			114	128	115	147	220	228	158	170			122	122	98	102	165	167	281	285	234	234	96	100			145	149	198	198	196	200	200	210	162	164	271	271	233	235	172	178
"AP.07M6"	0,91	106	106	134	138			236	244	89	91	286	286	133	135	100	102	195	197	94	102	110	110	144	150	110	112	121	130	165	165	208	214	142	164			105	105	131	147			122	122	147	147	216	228	154	158			118	134	98	102	175	183	282	282	230	232	94	98	124	124	139	147	202	202	200	202	204	204	156	156	267	277	237	237	172	178
"AP.07M7"	0,92	104	106	132	146			238	238	89	89	280	280	133	137	100	104	197	199	94	96	110	112	144	144	112	114	132	132	171	171	214	214	144	164			103	105	145	145			128	128	151	175	216	216	146	158			118	122	102	102	163	175	282	282	230	234	96	96	120	124	145	145	198	202	196	202	200	204	164	166	267	273	233	237	142	172
"AP.07M8"	0,91	102	102	146	148			236	248	91	91	284	284	131	139	94	94	195	195	94	94	110	114	144	150	110	114	121	132	169	171	208	214	142	144			101	101	141	151			134	134	111	151	228	228	146	146			118	134	102	102	171	173	281	281	234	234	92	96	120	124	143	145	198	200	200	202	198	208	164	166	279	281	233	235	166	172
"AP.07MA"	1			132	146	224	224	236	244	85	89	280	284	133	139	100	104	197	205	96	104	110	112	149	154	114	124	132	132	165	169	200	208	144	144			101	105	131	145			122	128	115	115	232	232	158	162			122	134	98	102	163	175	282	294	234	234	96	98			143	145	198	200	202	202	198	204	156	164	273	281	237	237	166	172
"AP.07MC"	0,94	106	106	124	142	224	224	244	266	85	93	284	286	133	139	100	108	195	197	94	96	110	112	144	146	114	114	130	132	169	169	208	212	140	144			105	105	141	151			128	128	147	175	228	232	158	158			118	126	98	102	171	175	282	283	230	238	96	96	120	126	145	147	198	198	196	200	198	204	156	164	267	279	237	241	160	178
"AP.07ME"	0,92	102	104	124	142			238	244	89	93	286	288	131	137	100	102	195	205	94	104	112	112	146	146	110	110	130	132	165	171	214	214	164	164			101	103	145	145			128	128	115	175	216	228	154	162			122	122	98	102	161	169	282	282	232	234	92	92	120	124	143	147	200	200	202	202	198	208	156	156	271	271	237	241	142	172
"AP.085T"	0,91	82	106	134	134			238	242	89	91	280	280	133	141	104	108	197	205	94	94	110	112	144	150	110	124	132	132	165	171	214	214	144	164			81	105	143	145			118	124	115	115	216	228	158	162			122	126	102	102	163	175	282	282	232	236	92	98	112	122	143	143	198	198	202	202	198	204	164	164	273	279	237	237	166	172
"AP.08C3"	0,98	102	106	134	146			231	242	89	89	286	290	133	139	94	94	197	199	94	98	110	112	148	150	110	116	123	132	165	171	200	208	144	144	78	82	101	105	141	143			122	122	111	151	228	228	150	158			118	122	98	102	163	179	281	282	234	236	96	98	122	124	143	145	198	200	202	202	198	204	164	164	271	279	237	237	166	172
"AP.086A"	0,86			132	142	224	224	231	236	89	91	280	286	139	139	100	104	195	195	96	100	110	112	148	150	110	124	121	123	165	165	208	214	144	144			105	105	143	151			118	118	115	175	228	228	154	158			122	122	102	102	163	171	282	282	230	234	96	96			143	143	198	198	196	202	200	214	164	164	273	277	237	237	166	166
"EE.156M"	0,93	106	112	132	142			231	236	89	91	280	286	139	139	100	104	195	195	96	100	110	112	148	150	110	124	121	121	165	165	208	214	144	144			105	105	143	151			118	118	115	175	212	228	154	158			122	122	102	102	163	171	282	282	230	230	96	96	124	124	143	143	198	198	196	202	200	214	164	164	273	277	237	237	154	166
"AX.0E5J"	0,31													137	137	94	94									110	112			165	169			144	144			101	105									232	232																																		
"AP.086E"	0,94	102	106	142	148	218	224	238	248	89	89	284	286	137	137	94	94	199	205	96	100	112	112	144	150	110	112	121	132	165	169	212	214	144	144			101	105	141	147			122	124	115	147	232	232	146	162			126	126	102	102	169	183	282	282	232	234	96	96	118	124	145	149	198	200	202	202	198	204	156	164	271	271	233	237	172	172
"AX.0E3U"	0,32													137	137	94	94	199	205							110	112			165	169	212	214	144	144			101	105									232	232											282	282																						
"AU.0ACH"	0,46									89	89			137	137	94	94	199	205	96	100	112	112	144	150	110	112	121	132	165	169	212	214	144	144			101	105	141	147					115	147	232	232					126	126	102	102	169	183					96	96																	172	172
"AX.0E3P"	0,95													137	137	94	100	195	205							112	114			165	171	208	208	142	144	78	78	91	101									216	232											282	282																						
"AU.0ACJ"	0,61	92	102	132	142					89	89			137	137	94	100	195	205	96	100	112	112	144	150	112	114	121	132	165	171	208	208	142	144	78	78	91	101	143	147					115	147	216	232					126	126	102	102	173	183	282	282			98	98																	160	172
"AP.086F"	0,91	92	102	132	142			238	248	89	89	284	286	137	137	94	100	195	205	96	100	112	112	144	150	112	114	121	132	165	171	208	208	142	144			91	101	143	147			122	128	115	147	216	232	158	158			126	126	102	102	173	183	282	282	232	234	98	98	112	124	145	149	198	200	196	202	198	204	156	164	271	271	233	237	172	172
"AP.086J"	0,92	90	98	144	146			232	264	89	89	290	298	137	139	94	100	195	205	104	104	110	110	149	149	110	110	121	121	165	165	210	216	148	150			89	97	131	145			130	134	143	175	228	232	158	158			118	122	98	98	161	167	282	282	234	236	96	96	126	126	143	149	198	208	198	200	198	204	156	168	271	273	235	235	166	172
"AP.086L"	0,89			146	148			243	243	89	91	284	286	137	139	100	104	195	197	96	102	110	114	150	150	110	116	132	132	165	165	214	214	144	144			91	101	141	141			118	122	115	175	216	228	146	166			118	118	98	102	161	167	281	282	234	236	92	96	110	124	143	147	198	200	196	202	214	214	162	164	267	279	237	239	154	178
"AP.08C2"	0,97	100	102	146	148			238	238	89	89	280	288	127	133	108	108	195	197	94	104	114	116	144	144	110	110	123	139	169	171	208	214	142	162	78	82	99	101	143	151			126	128	115	175	216	224	146	150			118	126	102	106	163	179	282	282	234	238	96	96	112	132	145	145	198	198	202	202	210	212	158	162	267	267	233	235	154	172
"AP.08C4"	0,83	102	106	142	148			238	243	89	89	284	286	137	137	94	100	195	205	100	102	112	116	144	150	114	124	121	132	171	171	208	214	142	144	78	82	101	105	143	147			122	124	115	147	216	232	146	158			118	126	102	102	169	173	282	282	232	234	98	98	118	124	145	149	198	200	202	202	198	204	156	164	267	271	233	237	142	172
"AP.08C5"	0,96	82	106	134	142			243	244	91	91	280	290	133	139	94	108	195	197	94	94	112	112	150	150	124	124	132	132	165	171	214	214	144	144	78	82	81	105	143	145			118	124	115	115	228	228	158	162			118	122	102	102	163	175	282	282	236	238	92	98	112	122	143	143	198	202	202	202	198	198	164	164	279	281	237	237	166	172
"AP.08C6"	0,93	102	106	142	148			238	243	89	89	284	286	137	139	94	94	199	205	96	102	112	112	144	150	110	124	121	132	165	169	208	212	142	144	66	78	101	105	141	147			128	128	115	147	216	232	146	158			126	126	102	102	169	169	282	282	232	236	96	98	112	124	145	149	198	200	202	202	198	214	156	164	271	271	237	237	142	172
"AU.0ACU"	0,91													137	137	94	94	199	205							110	124			171	171	212	214	144	144			91	101									232	232											282	282																						
"AP.08C8"	0,98	92	102	142	148			238	243	89	89	280	284	137	137	94	94	199	205	96	96	112	112	144	150	110	124	132	132	171	171	212	214	144	144	66	82	91	101	141	145			124	128	115	147	232	232	146	158			126	126	102	102	173	183	282	282	232	236	98	98	112	124	145	145	198	200	202	202	198	204	156	164	271	271	233	237	142	172
"AP.08CA"	0,96	102	106	132	134			238	243	89	89	280	286	133	139	94	94	197	197	96	98	110	116	144	150	110	112	132	132	165	171	208	218	144	164	78	82	101	105	143	143			118	118	151	151	228	228	158	158			94	126	102	102	163	171	281	282	232	236	96	98	124	124	145	149	198	200	202	202	204	204	164	164	267	279	235	237	166	172
"AP.08CE"	0,96	92	106	148	148			238	243	89	91	280	284	133	135	94	102	195	197	102	104	110	114	144	150	110	124	132	132	165	171	208	214	144	144	80	82	91	105	143	145			122	128	115	115	224	228	158	158			118	126	98	102	163	169	281	282	230	232	96	98	110	124	143	145	202	208	196	202	198	204	156	164	279	281	237	237	172	178
"AP.08CP"	0,95	92	106	132	148			231	243	89	89	286	286	133	137	100	102	195	197	96	104	110	114	150	150	110	114	132	132	165	165	214	214	144	144	78	80	91	105	131	141	126	132	118	128	155	175	228	228	146	158	258	262	118	130	98	102	161	169	281	290	234	236	96	100	110	118	141	143	198	204	196	202	198	214	162	164	267	277	235	237	172	178
"AU.0AXM"	0,59													133	137	102	108	195	205							114	124			165	171	214	214	164	164	78	82	81	81									216	228											282	282																						
"AP.08CX"	0,96	82	82	134	148			243	244	85	89	284	290	133	137	102	108	195	205	94	104	110	116	144	150	114	124	123	132	165	171	214	214	164	164	78	82	81	81	143	143	130	132	118	118	151	175	216	228	146	158	258	258	118	126	102	102	183	183	282	282	230	232	98	98	124	124	145	145	198	202	196	202	204	204	164	164	277	279	237	239	172	172
"AP.08CY"	0,95	98	106	138	148			236	244	91	91	280	284	131	133	100	104	195	205	96	96	110	110	146	148	110	124	123	132	165	171	208	210	144	162	78	78	97	105	141	151	132	132	118	126	115	115	216	228	146	158	258	262	122	126	98	102	171	173	281	282	234	236	96	96	124	124	145	145	202	202	190	202	198	204	162	164	267	271	237	239	154	172
"AP.08E5"	0,96	106	112	134	142	218	224	242	248	89	89	280	284	133	135	102	104	197	205	104	104	110	112	146	150	110	110	132	132	171	171	208	214	144	162	78	78	105	105	141	145	132	132	122	128	115	175	216	228	158	162	258	262	122	126	102	102	163	167	281	282	230	232	92	98	112	124	143	143	202	204	196	202	198	214	164	164	273	277	237	239	166	172
"AP.08E7"	0,93	82	102	134	142			238	248	89	91	280	284	135	139	94	104	195	197	104	104	110	112	146	150	110	124	132	132	165	171	208	208	144	162	78	78	81	101	131	141			122	124	115	115	216	228	146	162			126	126	102	102	163	175	282	282	232	238	92	98	112	124	143	143	198	204	196	202	198	214	162	164	273	281	237	237	166	172
"AP.08E8"	0,93	82	106	146	148			236	248	91	91	280	280	131	139	94	104	195	205	94	104	110	112	149	150	110	124	123	132	167	171	208	208	144	164	78	78	81	105	131	143			128	128	115	175	228	228	146	162			118	126	98	110	169	171	282	282	234	238	92	96	124	124	143	145	198	202	196	202	204	204	164	164	279	281	235	237	166	172
"AP.08EK"	0,98	82	106	146	148			238	244	85	89	290	290	137	137	100	102	195	205	94	100	110	110	144	149	114	124	132	132	165	171	208	214	164	164	72	80	81	105	139	143	120	130	118	118	111	175	232	232	158	158	258	262	126	134	102	102	171	179	282	282	232	232	96	98	124	124	139	145	198	204	196	202	198	214	164	164	271	281	237	237	172	178
"AU.0AEK"	0,85	102	106	132	146	224	226	244	244	89	89	284	286	131	135	104	104	195	205	100	110	110	110	149	150	114	114	132	132	165	171	208	218	144	164	78	78	101	105	139	147			116	118	115	115	228	232	146	158			126	134	102	110	163	169	281	282	234	236	92	96	112	124	145	145	198	202	202	206	204	214	158	164	267	267	233	237	172	172
"AU.0AJC"	0,56													137	139	94	104	195	195							116	124			165	171			144	162	78	78	101	105									228	232																																		
"AU.0AJ7"	0,85	102	106	146	146	224	230	236	243	89	91	280	286	137	139	94	104	195	195	94	96	110	110	144	150	116	124	132	132	165	171	208	214	144	162	78	78	101	105	141	143			118	122	115	175	228	232	158	158			118	126	102	102	163	183	282	282	234	236	96	98	122	124	143	147	198	202	202	202	204	214	164	164	267	271	235	237	154	166
"AU.0AHP"	0,35													137	139	94	104	195	195							116	124			165	171	208	214	144	162	78	78	101	105																																												
"AU.0AF6"	0,73													137	139	94	104	195	195							116	124			165	171	208	214	144	162	78	78	101	105									228	232											282	282																						
"AU.0AME"	0,93	102	102	138	146	224	230	231	238	91	91	280	284	139	139	94	100	195	197	96	98	110	112	144	144	116	124	121	123	165	167	210	218	142	144	78	82	101	101	139	151			118	118	115	115	228	228	154	154			118	118	98	98	161	179	282	282	234	234	96	98	124	124	145	145	198	200	202	206	198	214	164	164	267	273	235	237	154	172
"AU.0AUH"	0,88			134	134	218	218	244	244	85	89	284	290	133	135	100	108	197	205	94	104	110	110	144	150	110	124	132	132	165	165	214	214	144	164			81	81	139	143			118	118	151	175	216	232	158	162			118	126	102	102	175	183	282	282	232	232	98	98			145	147	200	202	196	202	198	204	164	164	277	277	237	237	166	172
"AU.0C1Y"	0,43													131	137	100	104	195	195							110	116			171	171	208	210	144	164	78	82	97	101									228	228											281	282																						
"AU.0C4K"	0,65													131	137	100	104	195	195							110	116			171	171	208	210	144	164	78	82	97	101									228	228											281	282																						
"AU.0C3M"	0,61			132	138	224	230	231	244	91	91	280	280	131	137	100	104	195	195	96	100	110	112	148	149	110	116	123	132	171	171	208	210	144	164	78	82	97	101	143	151			118	122	115	147	228	228	158	158			118	122	98	102	163	173	281	282			96	96					202	208	202	202	198	198	164	164			233	239	166	172
"AU.0C26"	0,68													131	137	100	104	195	195							110	116			171	171	208	210	144	164	78	82	97	101									228	228																																		
"AU.0C24"	0,85			132	142	218	224	238	243	89	89			137	137	94	94	199	205	96	100	112	116	144	150	110	112	132	132	165	171	208	214	142	144	66	78	81	91	141	145			124	128	115	147	216	232	158	158			118	126	102	102	173	183					96	96			145	145	198	200	196	202	198	204	156	164			237	237	142	166
"TINA"	0,66	106	106	132	146			244	248	85	91	280	280	133	133	94	108	195	195	94	96	110	112	149	149	110	110	132	132	165	171	208	208	144	162	66	72	105	105	143	145	130	130	122	122	115	175	232	232	146	158	262	262	118	134	102	102	163	183	282	287	232	234	96	98	120	124	145	145	202	202	202	202	204	204	164	164	267	281	233	237	166	166
"AU.0C45"	0,63													133	133	94	108	195	195							110	110			171	171	208	208	144	162	66	72	105	105									232	232																																		
"AU.0C6C"	0,66	92	102	146	148	218	224	238	243	89	89			137	139	94	94	199	205	96	100	112	116	144	150	110	112	132	132	165	169	208	214	144	144	78	82	91	101	141	145			124	128	115	175	216	232	158	158			118	126	102	102	169	173					96	98			145	145	198	200	202	202	198	204	156	164			237	237	142	172
"AU.0C8L"	0,86	102	106	142	148			238	248	89	89	280	284	133	141	94	104	195	197	94	94	110	112	150	150	110	124	132	132	165	171	214	214	144	164	78	82	101	105	141	145			122	128	115	115	216	228	158	162			122	126	98	102	163	175	282	282	230	232	98	98	120	124	139	143	198	202	202	204	198	214	156	164	277	279	237	237	166	172
"AU.0C8P"	0,9	82	82	148	148	218	218	243	244	89	89	284	290	133	135	104	108	205	205	94	94	110	110	144	150	110	114	132	132	165	165	214	214	144	164	72	72	81	81	139	143			118	128	175	175	216	232	146	158			122	126	102	102	171	183	282	282	230	232	98	98	122	124	139	145	198	198	196	202	198	204	164	164	271	277	237	239	172	172
"AX.0CCE"	0,99			132	132	216	224	243	243	89	89	284	286	133	139	104	110	195	197	98	102	110	110	144	150	110	116	132	132	165	165	214	214	144	144			101	105	141	141			118	122	155	175	228	228	146	146			126	130	102	102	163	169	282	290	234	236	92	98			143	147	202	208	196	196	198	198	162	164	271	279	237	237	154	178
"AX.0CPC"	0,59													133	137	100	100	195	205							110	110			165	165	214	214	144	144			91	105									220	224																																		
"AX.0CTL"	0,8													133	137	100	100	195	205							110	110			165	165			144	144			91	105									220	224																																		
"AX.0CK7"	0,82													137	139	94	110	197	199							112	116			165	169	214	214	144	144			91	101									216	232											282	282																						
"AX.0CTH"	1			138	142	218	224	236	238	85	89	284	284	137	139	94	110	197	199	96	100	110	112	144	150	112	116	132	134	165	169	214	214	144	144			91	101	131	141			118	124	115	147	216	232	158	158			118	118	102	102	173	183	282	282	232	234	96	96			145	149	198	200	202	202	198	204	164	164	267	277	237	241	142	166
"AX.0CTF"	0,75			132	142	224	230	231	231	85	89			133	137	100	104	197	205	94	100	110	110	148	149	124	124	123	132	165	171	208	208	144	144			99	101	141	143			118	128	111	147	228	232	150	158			118	134	102	102	173	179					92	96			143	145	202	208	196	202	198	204	156	164			233	239	166	166
"AX.0CU4"	0,97			134	138	218	224	236	244	89	91	280	286	133	135	100	102	195	195	102	104	110	110	144	150	112	124	130	132	165	169	208	214	144	144			105	105	131	141			122	122	115	147			154	162			122	134	98	102	175	183	282	282	230	238	92	98			143	147	198	204	196	200	198	204	164	166	273	277	237	239	172	178
"AX.0CUA"	0,98													137	139	104	104	195	195							110	116			165	165	208	214	144	162			101	105									216	228											282	282																						
"AX.0E1P"	0,73													133	135	94	110	195	197							114	124			165	171	208	214	144	164	78	78	105	105									216	228											281	282																						
"AX.0E1X"	0,73													133	135	94	110	195	197							114	124			165	171	208	214	144	164			105	105									216	228											282	282																						
"AX.0E5H"	0,39													133	135	94	110	195	197											165	171	208	214	144	164	78	78	105	105									216	228											281	282																						
"AX.0E50"	0,91													133	135	94	110	195	197							114	124			165	171	208	214	144	164	78	78	105	105									216	228											281	282																						
"AX.0E55"	0,82	106	106	148	148	218	224	238	266	89	91	284	284	133	135	94	110	195	197	102	104	110	114	144	146	114	124	132	132	165	171	208	214	144	164	78	82	105	105	141	143			122	128	115	115	216	228	158	158			118	126	98	102	163	171	281	282	232	234	96	98			141	143	202	204	196	202	204	214	156	164	273	279	235	239	166	178
"AX.0E70"	0,8													137	137	100	110	197	197							110	114			165	165	208	214	144	144	82	82	91	105									228	228																																		
"AX.0E48"	0,95	92	106	148	148	216	218	243	266	89	91	284	286	137	137	100	110	197	197	96	102	110	112	150	150	110	114	132	132	165	165	208	214	144	144			91	105	131	141			118	128	115	155	228	228	146	166			118	118	98	102	169	171	282	290	230	234	92	96	110	124	143	143	204	208	202	204	198	214	156	162	267	277	235	237	142	178
"AX.0E4X"	0,95	106	106	132	144			231	248	89	89	286	286	133	137	100	102	195	197	96	98	110	112	146	150	110	114	130	132	165	169	214	214	144	150	80	80	105	105	131	151			118	118	115	115	228	232	158	166			118	126	102	102	169	169	282	290	230	234	92	96	110	112	143	143	198	198	196	196	204	214	162	168	267	281	237	237	160	172
"AX.0E5K"	0,97			132	148	226	230	243	248	89	91	284	284	133	135	94	102	195	197	104	107	110	110	144	150	110	124	132	132	165	171	208	208	144	144			91	105	141	143			118	128	115	155	212	228	158	158			118	122	102	102	163	169	282	290	230	238	96	98			143	145	198	204	196	202	198	204	156	164	279	281	235	237	166	178
"C0H"	0,98	82	82	134	148			243	248	85	89	284	290	135	137	104	108	195	205	104	104	116	116	144	150	110	124	123	132	165	171	200	214	164	164	72	82	81	81	143	143	130	132	118	128	151	175	216	232	158	162	258	258	122	126	102	102	171	183	281	283	230	232	98	98	122	124	145	147	198	202	204	204	204	204	164	164	271	277	237	237	166	172
"CH.0LY5"	0,88	82	92	142	148			238	248	89	89	284	286	137	139	94	94	199	205	96	102	112	112	144	150	110	112	121	132	171	171	208	212	144	144			81	91	141	147			122	124	115	175	216	232	146	158			118	126	102	102	169	169	282	282	232	234	96	98	118	124	145	145	198	200	196	202	198	204	156	164	267	271	237	237	142	172
"CY.12ET"	0,88	82	106	132	148			236	243	89	89	290	290	137	139	100	104	205	205	94	96	110	110	144	150	110	114	123	132	165	171	214	214	144	164	78	82	81	105	143	143			118	118	111	175	216	216	158	158			118	126	102	102	179	183	282	282	232	232	96	98	120	124	139	145	198	204	190	196	204	214	164	164	271	277	237	237	166	172
"EAM"	0,94	98	102	132	132			244	248	85	91	280	284	137	137	94	104	195	195	94	100	110	110	148	149	116	124	132	132	165	171	208	208	144	144	66	82	97	101	143	143			122	128	115	115	228	232	158	158	262	262	122	134	102	102	169	173	281	288	230	234	96	96	124	124	143	145	200	202	202	202	198	204	164	166	271	281	237	239	172	172
"EE.14LJ"	0,99			132	146	218	226	238	243	89	89	280	286	137	139	100	104	195	195	100	102	114	116	150	150	110	114	130	132	165	169	214	214	144	144			101	105	143	145			118	128	147	175	224	232	146	158			118	126	102	102	161	179	281	282	232	234	96	98			145	145	198	198	202	202	198	210	156	156	271	277	237	241	142	172
"EE.14LK"	1			132	146	218	226	231	238	89	91	280	286	133	139	100	104	197	205	96	96	114	116	150	150	110	114	132	132	165	169	214	214	144	144			101	105	131	145			118	128	147	155	216	220	146	158			118	126	102	102	167	169	281	282	232	234	98	100			141	145	198	200	202	202	198	214	156	156	271	277	235	237	166	172
"EE.14PY"	0,97			132	148	224	230	236	244	89	89	284	290	133	133	94	100	197	197	94	100	110	112	144	150	110	110	123	134	165	169	214	214	144	164					143	145			118	128	111	151	228	228	158	158			118	126	98	102	183	183	282	282	234	236	96	98			139	145	198	204	196	202	198	200	164	164	267	281	237	237	166	172
"EE.14T0"	0,91			132	138	218	230	236	244	89	89	284	290	131	133	100	108	197	201	96	100	110	116	144	150	114	116	123	134	165	165	212	214	144	164			101	105	131	145			118	128	115	115	212	228	158	158			118	126	102	102	173	183	281	282	232	234	96	98			143	145	204	204	202	202	198	198	164	164	267	281	237	237	154	166
"EE.14T1"	0,96			134	138	218	230	244	246	89	91	280	284	131	133	94	100	197	201	96	96	110	116	150	150	110	110	132	134	165	169	214	214	144	164			101	105	131	143			118	128	115	115	212	228	158	158			118	118	102	102	173	183	281	282	232	236	96	98			143	145	204	204	202	202	200	204	164	164	271	277	237	237	166	172
"F0X"	0,97	92	106	132	148	216	218	231	243	89	91	286	286	137	137	100	100	197	197	96	102	112	112	144	144	110	110	130	132	165	165	208	214	144	144	82	82	91	105	131	143	130	130	118	128	115	155	228	228	146	158	258	262	130	134	98	102	167	171	281	282	234	236	96	100	110	124	141	143	198	204	196	202	198	214	162	162	273	279	235	241	142	178
"238y"	1			138	140	220	232	234	249	85	89	288	292	139	139	98	108	195	195	98	98	110	114	152	152	118	118	132	134	163	167	204	208	142	150	72	76	97	99	141	145	126	132	118	128	183	187	228	228	154	154	266	266	118	122	98	106	179	181	291	294	234	236	94	96			143	145	198	204	202	206	208	212	160	166	271	275	239	243	166	172
"248y"	1			124	146	216	230	238	248	85	89	280	284	131	133	102	104	195	195	94	98	112	112	150	150	110	110	132	132	169	169	208	214	144	144	82	82	97	105	151	151	122	128	128	128	115	115	216	228	154	158	258	262	118	122	98	102	169	173	282	282	236	236	92	96			139	149	198	204	196	202	214	214	164	166	267	271	235	235	154	172
"249y"	1													131	139	102	102	195	197	98	100	112	112	150	150	110	110	132	134	169	169	208	214	144	144	78	82	97	105			128	132			115	115	216	228			258	262	118	122	102	102	167	169	282	282																					166	172
"AP.07LJ"	0,97			132	148	218	224			89	93	280	280	133	139	100	112	195	197	94	104	110	114	144	150	110	110	132	134	165	165	212	214	144	144			81	101	139	141			126	128	115	151	228	228	158	162			94	118	102	102	169	171	281	282	230	232	94	98			143	147	202	202	196	200	204	204	156	164	273	279	237	237	172	178
"AP.07LK"	0,97			132	148	216	218			89	91	286	290	133	137	94	100	195	195	96	100	110	112	150	150	110	114	123	130	165	169	214	214	144	144			91	101	143	145			118	128	115	155	224	232	146	158			118	118	102	102	161	179	281	282	232	234	98	100			145	145	198	198	196	202	198	214	156	164	267	277	235	237	142	178
"AL.060E"	0,57													133	135	94	104	197	205											165	165	208	214	144	164			101	101									216	228																																		
"AX.0E41"	0,95													133	135	94	104	197	205							110	124			165	165	208	214	144	164	78	78	101	101									216	228											282	287																						
"AL.06CA"	0,38													133	135	94	104	197	205							110	124			165	165	208	214	144	164	78	78	101	101									216	228											282	287																						
"EE.14F5"	0,98			132	134	224	230	243	243	89	91	280	280	133	135	94	104	197	205							110	124			165	165	208	214	144	144			101	101					122	128			216	228	150	158									282	287	232	236	98	98			143	143	198	204	202	202	198	198	164	164	267	279	237	237		
